Title,Author
マンガ日本の古典,22名の漫画家
精霊使い,岡崎武士
無限の住人,沙村広明
あずみ,小山ゆう
MONSTER,浦沢直樹
坂本龍馬,黒鉄ヒロシ
神童,さとうあきら
め組の大吾,曽田正人
ゴン,田中政志
龍-RON-,村上もとか
アイ'ム ホーム,石坂啓
ALL NUDE,すぎむらしんいち
国立博物館物語,岡崎二郎
同じ月を見ている,土田世紀
遥かな町へ,谷口ジロー
バガボンド,"井上雄彦、吉川英治"
王道の狗,安彦良和
まっすぐにいこう。,きら
ぱじ,村上たかし
黄昏流星群,弘兼憲史
F氏的日常,福山庸治
リアル,井上雄彦
"ビバ,シェフ！",ジャパンチ
"神々の山嶺","谷口ジロー、夢枕獏"
クロサワ/炎の映画監督・黒澤明伝,"園村昌弘、中村真理子"
セクシーボイスアンドロボ,黒田硫黄
"大掴源氏物語 まろ、ん?",小泉吉宏
"大使閣下の料理人","かわすみひろし、西村ミツル"
20世紀少年,浦沢直樹
ブラックジャックによろしく,佐藤秀峰
なぜ博士は怒っているのか,池谷伊佐夫
カジムヌガタイ－風が語る沖縄戦－,比嘉慂
ヘルタースケルター,岡崎京子
てんじんさん,木村直巳
蟲師,漆原友紀
バカ姉弟,安達哲
純喫茶のこりび,いとう耐
夕凪の街 桜の国,こうの史代
光とともに…,戸部けいこ
毎日かあさん カニ母編,西原理恵子
魔女,五十嵐大介
"バンド・スキュルテ 〜プラネット・サムライ",夏坂眞一郎
昭和二十年の絵手紙 私の八月十五日,私の八月十五日の会
失踪日記,吾妻ひでお
PLUTO,浦沢直樹
エマ,森薫
ドラゴン桜,三田紀房
晩夏,せきねゆき
太陽の黙示録,かわぐちかいじ
大奥,よしながふみ
大阪ハムレット,森下裕美
百鬼夜行抄,今市子
よつばと!,あずまきよひこ
SHI RI TO RI,筑濱カズコ
モリのアサガオ,郷田マモラ
海街diary,吉田秋生
鈴木先生,武富健治
竹光侍,松本大洋
プライド,一条ゆかり
天顕祭,白井弓子
ピアノの森,一色まこと
Real Clothes,槇村さとる
栞と紙魚子,諸星大二郎
マエストロ,さそうあきら
宗像教授異考録,星野之宣
ヴィンランド・サガ,幸村誠
イムリ,三宅乱丈
海獣の子供,五十嵐大介
この世界の片隅に,こうの史代
へうげもの,山田芳裕
ヒーシーイット アクア,ウィスット・ポンニミット
ヒストリエ,岩明均
孤高の人,坂本眞一／原案・新田次郎
風雲児たち 幕末編,みなもと太郎
ぼくらの,鬼頭莫宏
レッド,山本直樹
うちの妻ってどうでしょう?,福満しげゆき
土星マンション,岩岡ヒサエ
あの日からのマンガ,しりあがり寿
皺,パコ・ロカ
秘密 -トップ・シークレット-,清水玲子
"ファン・ホーム ―ある家族の悲喜劇―",アリソン・ベクダル
なかよし団の冒険,西村ツチカ
まげもん。,昌原光一
マスタード・チョコレート,冬川智子
"闇の国々","ブノワ・ペータース、フランソワ・スクイテン"
岳 みんなの山,石塚真一
ましろのおと,羅川真里茂
ムチャチョ‐ある少年の革命,エマニュエル・ルパージュ
GUNSLINGER GIRL,相田裕
"凍りの掌　シベリア抑留記",おざわゆき
千年万年りんごの子,田中相
ぼくらのフンカ祭,真造圭伍
"ジョジョリオン ―ジョジョの奇妙な冒険 Part8―",荒木飛呂彦
昭和元禄落語心中,雲田はるこ
それでも町は廻っている,石黒正数
ちいさこべえ,望月ミネタロウ／原作：山本周五郎
ひきだしにテラリウム,九井諒子
アリスと蔵六,今井哲也
塩素の味,バスティアン・ヴィヴェス
夏休みの町,町田洋
五色の舟,近藤ようこ／原作：津原泰水
アオイホノオ,島本和彦
"チャイニーズ・ライフ","李昆武、フィリップ・オティエ"
春風のスネグラチカ,沙村広明
羊の木,いがらしみきお／原作：山上たつひこ
愛を喰らえ!!,ルネッサンス吉田
ちーちゃんはちょっと足りない,阿部共実
どぶがわ,池辺葵
かくかくしかじか,東村アキコ
淡島百景,志村貴子
弟の夫,田亀源五郎
機械仕掛けの愛,業田良家
Non-working City,HO Tingfung
エソラゴト,ネルノダイスキ
たましい いっぱい,おくやまゆか
町田くんの世界,安藤ゆき
BLUE GIANT,石塚真一
総務部総務課山口六平太,高井研一郎／原作：林律雄
未生 ミセン,ユン・テホ
有害都市,筒井哲也
Sunny,松本大洋
応天の門,灰原薬
月に吠えらんねえ,清家雪子
ヤスミーン,畑優以
ねぇ、ママ,池辺葵
銃座のウルナ,伊図透
ニュクスの角灯,高浜寛
夜の眼は千でございます,上野顕太郎
AIの遺電子,山田胡瓜
甘木唯子のツノと愛,久野遥子
バクちゃん,増村十七
BEASTARS,板垣巴留
ORIGIN,Boichi
宇宙戦艦ティラミス,伊藤亰／原作：宮川サトシ
凪のお暇,コナリミサト
百と卍,紗久楽さわ
夕暮れへ,齋藤なずな
黄色い円盤,黄島点心
"見えない違い——私はアスペルガー","マドモワゼル・カロリーヌ／原作：ジュリー・ダシェ"
メタモルフォーゼの縁側,鶴谷香央理
ロボ・サピエンス前史,島田虎之介
あした死ぬには、,雁須磨子
ダブル,野田彩子
未来のアラブ人 中東の子ども時代,Riad Sattouf
大人になれば,伊藤敦志
花と頬,イトイ圭
夢中さ、きみに。,和山やま
闇金ウシジマくん,真鍋昌平
3月のライオン,羽海野チカ
イノサン Rouge ルージュ,坂本眞一
かしこくて勇気ある子ども,山本美希
ひとりでしにたい,カレー沢薫
塀の中の美容室,小日向まるこ／原作：桜井美奈
スインギンドラゴンタイガーブギ,灰田高鴻
空飛ぶくじら スズキスズヒロ作品集,スズキスズヒロ
マイ・ブロークン・マリコ,平庫ワカ
ゴールデンカムイ,野田サトル
ゴールデンラズベリー,持田あき
ダーウィン事変,うめざわしゅん
デッドデッドデーモンズデデデデデストラクション,浅野いにお
北極百貨店のコンシェルジュさん,西村ツチカ
私たちにできたこと――難民になったベトナムの少女とその家族の物語,Thi Bui
きつねとたぬきといいなずけ,トキワセイイチ
転がる姉弟,森つぶみ
ロスト・ラッド・ロンドン,シマ・シンヤ
女の園の星,和山やま
